ID,HolidayID,PerkActivityID
12,1397,403
216,1409,478
217,1410,478
218,1411,478
219,1412,478
220,1413,478
221,1414,478
222,1415,478
223,1416,478
224,1417,478
225,1418,478
226,1419,478
227,1420,478
228,1409,479
229,1410,479
230,1411,479
231,1412,479
232,1413,479
233,1414,479
234,1415,479
235,1416,479
236,1417,479
237,1418,479
238,1419,479
239,1420,479
427,479,342
428,479,341
429,1396,325
430,1398,325
431,1399,325
432,1396,324
433,1398,324
434,1399,324
435,1396,320
436,1398,320
437,1399,320
438,321,319
439,321,318
440,398,317
441,398,316
442,398,315
443,372,314
444,372,307
445,372,306
446,372,305
