ID,Key[0],Key[1],Key[2],Key[3],Key[4],Key[5],Key[6],Key[7],Key[8],Key[9],Key[10],Key[11],Key[12],Key[13],Key[14],Key[15]
15,189,197,24,98,171,237,121,178,222,72,200,231,230,108,98,0
52,67,50,101,240,205,235,47,78,101,192,238,112,8,113,77,158
55,218,106,252,152,158,214,202,210,121,136,89,146,192,55,168,238
56,1,190,139,67,20,45,217,154,158,105,15,173,40,139,96,130
57,5,252,146,123,159,79,91,5,86,129,66,145,42,5,43,15
81,183,47,239,74,1,72,138,136,255,2,40,10,160,122,146,187
92,229,51,187,109,101,114,122,88,50,104,13,98,11,11,193,11
97,231,154,235,136,177,80,159,98,143,56,32,130,1,116,28,48
98,167,54,251,245,141,88,123,57,114,206,21,74,134,174,69,64
102,41,13,39,176,232,113,248,197,177,74,20,229,20,208,240,217
105,193,78,236,141,90,238,249,63,168,17,212,80,180,228,110,145
114,118,133,64,194,10,91,21,53,131,173,127,83,19,12,88,254
115,69,129,51,170,67,148,154,20,22,50,196,248,89,109,226,176
117,87,121,14,72,211,85,0,231,13,248,18,89,79,80,123,231
118,103,25,123,205,157,14,240,196,8,83,120,250,166,154,50,100
121,136,191,12,208,213,186,21,154,231,203,145,106,251,225,56,101
122,111,131,34,153,167,87,137,87,238,134,183,249,241,91,1,136
123,52,41,204,89,39,209,98,151,101,151,79,217,175,171,117,128
124,145,247,208,231,160,44,222,13,224,189,54,127,171,203,138,110
225,199,67,119,112,207,21,58,49,53,250,109,197,228,200,94,101
226,167,216,142,82,116,159,165,69,157,100,69,35,248,53,150,81
227,204,202,54,227,2,249,69,155,29,96,82,106,49,190,119,200
228,25,220,180,212,90,101,139,84,53,29,183,221,200,29,231,158
233,174,120,120,64,4,30,155,65,152,244,121,113,77,173,86,44
236,39,170,1,16,130,245,232,187,189,113,209,186,4,246,171,164
238,5,207,39,103,34,231,22,92,90,79,101,149,37,106,11,251
239,159,149,25,134,20,144,197,169,255,212,216,42,109,0,103,219
240,231,194,200,247,126,48,172,36,15,57,236,35,151,18,150,229
241,197,220,27,180,59,140,243,240,133,214,152,104,38,185,40,236
242,6,74,151,9,244,45,80,203,95,139,148,188,26,207,221,93
244,30,14,55,212,46,229,206,94,128,103,240,57,75,9,5,242
245,109,218,109,72,215,45,200,0,93,185,220,21,54,141,53,188
246,139,127,213,12,186,207,51,40,183,196,197,32,81,145,10,164
248,75,6,191,157,23,102,60,235,51,18,234,60,105,251,197,221
249,82,4,33,193,7,13,147,12,4,85,22,210,49,201,212,66
250,171,224,197,249,193,35,230,226,78,123,234,67,194,191,0,172
251,42,243,127,130,136,76,233,123,187,167,97,19,208,80,248,83
252,238,219,119,71,59,114,29,237,98,4,169,118,201,166,97,231
255,61,45,98,8,80,166,118,93,213,145,34,79,96,91,148,154
257,160,168,137,151,109,2,250,141,0,247,175,0,23,173,114,31
258,109,56,134,189,185,30,113,90,231,24,45,159,58,8,242,201
259,243,126,150,237,138,31,141,133,47,7,93,222,55,199,19,39
261,225,56,79,91,6,235,188,211,51,105,90,166,255,198,131,24
262,54,173,59,49,39,63,30,188,238,133,32,170,167,75,18,242
267,176,183,206,9,23,99,209,94,127,105,168,226,52,44,221,124
273,127,60,25,81,245,40,58,24,193,198,212,91,104,103,181,26
275,102,180,211,74,58,243,14,94,183,244,20,246,195,10,175,79
276,182,94,42,99,161,22,170,37,31,165,215,176,186,171,247,120
277,189,113,247,141,67,17,124,104,114,75,182,224,217,87,126,8
280,84,61,167,132,212,189,36,40,207,181,235,254,186,118,42,144
285,206,130,175,131,243,154,10,243,73,200,94,198,161,83,178,191
306,131,203,255,255,49,185,83,254,216,116,26,42,166,51,222,172
322,121,91,28,55,53,247,151,29,93,99,115,176,253,25,118,234
323,139,66,222,250,158,4,162,136,65,211,130,77,208,149,174,179
325,205,134,163,237,77,141,225,193,25,179,213,254,176,220,111,233
331,111,157,117,45,248,167,197,148,233,15,98,254,166,133,119,222
334,174,173,115,167,3,97,213,108,213,18,58,94,32,188,117,74
335,247,3,123,50,76,172,101,134,132,148,79,178,135,36,28,36
338,133,83,171,30,76,74,134,5,43,61,102,170,15,161,57,55
339,248,155,74,81,175,8,173,251,228,207,248,235,235,237,165,90
340,5,14,146,131,195,206,89,244,167,191,218,186,102,137,197,210
341,234,41,229,160,54,217,140,211,188,48,135,131,213,206,151,235
349,45,0,99,161,77,105,7,232,241,23,234,121,201,78,144,72
352,133,244,227,164,46,207,244,168,198,16,207,250,89,178,145,215
353,177,22,95,82,98,157,251,159,212,0,111,159,31,85,205,151
354,50,129,172,49,33,0,196,15,226,146,50,104,225,249,0,251
355,188,223,207,123,17,72,166,1,250,62,152,151,47,69,76,145
396,17,129,235,17,85,3,136,141,209,18,125,176,69,171,26,144
397,27,144,23,192,218,188,35,247,14,132,93,251,233,157,95,23
398,21,192,219,198,218,247,168,237,65,99,119,131,238,41,213,23
414,91,112,253,100,4,152,196,109,88,102,82,185,198,151,97,165
470,177,240,27,239,138,194,32,141,231,5,29,56,171,54,200,92
7594,18,113,146,174,42,155,173,132,125,38,161,122,179,49,167,16
7598,143,52,136,70,8,132,56,48,166,11,239,29,140,1,187,232
7641,115,44,196,147,103,31,7,109,65,72,88,163,168,179,124,78
7647,60,240,162,39,113,99,61,32,255,221,95,82,133,64,28,132
7648,211,36,127,12,223,18,152,111,88,123,54,100,180,172,162,217
7672,136,15,199,55,66,140,74,190,174,155,109,170,148,74,205,24
7675,197,49,176,64,27,99,176,213,226,8,40,229,74,143,69,134
7676,206,185,119,75,227,120,234,50,187,151,168,121,184,43,45,103
7678,38,92,218,107,217,112,172,249,109,192,149,212,149,84,20,186
7680,120,49,110,10,130,94,148,107,122,168,44,161,117,213,109,136
7689,246,48,33,169,162,82,127,159,95,109,128,130,249,30,227,47
7690,243,159,59,202,4,27,45,232,64,115,214,231,221,75,131,71
7638,108,120,212,229,19,127,60,176,75,168,187,42,132,231,40,209
7605,146,45,214,43,158,146,213,20,6,90,97,114,96,137,167,209
7681,210,114,18,51,23,99,112,172,175,47,44,231,182,118,1,137
7617,116,59,81,203,67,99,226,173,147,115,54,126,234,120,38,101
484,223,155,126,5,98,169,156,182,218,164,163,146,202,236,8,35
7616,214,79,137,243,220,85,20,196,61,173,127,14,112,228,161,142
7644,255,155,117,239,234,227,119,107,76,248,242,79,55,197,140,177
7619,214,159,49,9,249,37,29,0,253,111,104,7,51,175,130,90
7673,210,113,217,16,248,156,194,98,35,137,136,194,212,162,158,24
7671,176,25,181,176,195,40,168,220,35,157,191,177,119,39,95,160
7588,147,18,75,252,44,186,179,232,14,240,126,88,232,210,189,249
420,235,237,132,65,14,245,120,62,136,23,220,231,216,206,16,40
7618,213,81,22,232,89,212,101,103,62,18,75,168,49,205,132,242
7642,176,26,223,75,174,247,255,84,213,58,88,218,16,46,5,184
7615,211,23,132,84,4,235,167,198,199,248,120,55,154,134,41,147
487,170,163,53,149,76,173,184,116,172,209,73,147,254,234,125,152
7633,226,33,190,58,199,250,83,253,167,182,176,64,72,129,207,247
7610,51,100,100,214,117,31,234,253,87,239,128,198,219,166,119,176
7576,91,123,145,203,141,78,177,234,34,123,39,127,142,15,204,164
440,86,153,223,238,83,107,71,19,50,83,107,177,182,192,37,90
417,114,95,162,167,110,138,5,209,201,243,3,228,93,112,80,133
7652,138,104,67,171,254,60,78,46,120,87,170,54,175,34,110,162
7606,33,56,150,37,85,252,219,27,218,16,74,127,98,147,101,74
7631,144,38,107,121,40,246,203,156,244,182,113,31,33,165,203,230
7682,93,240,72,208,189,133,184,72,237,73,227,245,195,14,175,227
7643,72,217,112,165,163,121,164,144,188,205,196,232,152,208,8,219
7614,89,247,87,196,150,86,110,238,232,175,67,200,19,137,203,35
7620,235,223,138,62,49,104,155,249,157,67,74,163,88,168,85,164
237,231,136,68,67,96,198,157,160,234,97,125,29,154,119,157,180
232,52,164,50,4,32,115,205,11,81,98,112,104,210,224,189,62
243,121,210,179,209,204,176,21,71,78,113,88,129,56,100,184,230
231,88,174,62,6,66,16,227,237,249,193,37,156,222,145,76,93
