ID,ItemLevel,Armor,Weapon
1,1,50,125
2,2,55,138
3,3,61,154
4,4,68,170
5,5,75,189
6,6,84,210
7,7,93,233
8,8,103,259
9,9,115,288
10,10,127,319
11,11,141,354
12,12,157,393
13,13,174,437
14,14,194,485
15,15,215,538
16,16,239,598
17,17,265,663
18,18,294,736
19,19,327,817
20,20,363,907
21,21,403,1007
22,22,447,1118
23,23,496,1241
24,24,551,1378
25,25,611,1529
26,26,679,1698
27,27,753,1884
28,28,836,2092
29,29,928,2322
30,30,1031,2577
31,31,1144,2861
32,32,1270,3176
33,33,1410,3525
34,34,1565,3913
35,35,1737,4344
36,36,1928,4821
37,37,2140,5352
38,38,2376,5941
39,39,2637,6594
40,40,2927,7319
41,41,3250,8125
42,42,3607,9018
43,43,4004,10010
44,44,4444,11112
45,45,4933,12334
46,46,5476,13691
47,47,6078,15197
48,48,6747,16869
49,49,7489,18724
50,50,7886,19717
51,51,8304,20762
52,52,8744,21862
53,53,9208,23021
54,54,9696,24241
55,55,10210,25526
56,56,10751,26878
57,57,11321,28303
58,58,11921,29803
59,59,12553,31383
60,60,13218,33046
61,61,13919,34797
62,62,14656,36642
63,63,15433,38584
64,64,16251,40629
65,65,17113,42782
66,66,18020,45050
67,67,18975,47437
68,68,19980,49951
69,69,21039,52599
70,70,22154,55387
71,71,23329,58322
72,72,24565,61413
73,73,25867,64668
74,74,27238,68096
75,75,28682,71705
76,76,30202,75505
77,77,31802,79507
78,78,33488,83721
79,79,35263,88158
80,80,37132,92830
81,81,39100,97750
82,82,41172,102931
83,83,43354,108387
84,84,45652,114131
85,85,48072,120180
86,86,50620,126550
87,87,53302,133257
88,88,56127,140319
89,89,59102,147756
90,90,62235,155588
91,91,65533,163834
92,92,69006,172517
93,93,72664,181660
94,94,76515,191288
95,95,80570,201427
96,96,84841,212102
97,97,89337,223344
98,98,94072,235181
99,99,99058,247646
100,100,104308,260771
101,101,109836,274592
102,102,115658,289145
103,103,121788,304470
104,104,128242,320607
105,105,135039,337599
106,106,142196,355492
107,107,149733,374333
108,108,157669,394173
109,109,166025,415064
110,110,174825,437062
111,111,184090,460226
112,112,193847,484618
113,113,204121,510303
114,114,214939,537349
115,115,226331,565829
116,116,238327,595818
117,117,250958,627396
118,118,264259,660648
119,119,278265,695663
120,120,293013,732533
121,121,308543,771357
122,122,324895,812239
123,123,342115,855288
124,124,360247,900618
125,125,379340,948351
126,126,399445,998613
127,127,420616,1051540
128,128,442908,1107272
129,129,466382,1165957
130,130,491101,1227753
131,131,517129,1292824
132,132,544537,1361343
133,133,573397,1433494
134,134,603788,1509470
135,135,635788,1589472
136,136,669485,1673714
137,137,704968,1762421
138,138,742331,1855829
139,139,781675,1954188
140,140,823104,2057760
141,141,866728,2166821
142,142,912665,2281663
143,143,961036,2402591
144,144,1011971,2529928
145,145,1017031,2542578
146,146,1022116,2555291
147,147,1027227,2568067
148,148,1032363,2580907
149,149,1037524,2593812
150,150,1042712,2606781
151,151,1047926,2619815
152,152,1053165,2632914
153,153,1058431,2646079
154,154,1063723,2659309
155,155,1069042,2672605
156,156,1074387,2685969
157,157,1079759,2699398
158,158,1085158,2712895
159,159,1090584,2726460
160,160,1096037,2740092
161,161,1101517,2753793
162,162,1107024,2767562
163,163,1112559,2781399
164,164,1118122,2795306
165,165,1123713,2809283
166,166,1129331,2823329
167,167,1134978,2837446
168,168,1140653,2851633
169,169,1146356,2865891
170,170,1147273,2868184
171,171,1148191,2870479
172,172,1149110,2872775
173,173,1150029,2875073
174,174,1150949,2877373
175,175,1151870,2879675
176,176,1152791,2881979
177,177,1153714,2884285
178,178,1154636,2886592
179,179,1155560,2888901
180,180,1156485,2891212
181,181,1157410,2893525
182,182,1158336,2895840
183,183,1159262,2898157
184,184,1160190,2900475
185,185,1161118,2902796
186,186,1162047,2905118
187,187,1162977,2907442
188,188,1163907,2909768
189,189,1164838,2912096
190,190,1165770,2914425
191,191,1166703,2916757
192,192,1167636,2919090
193,193,1168570,2921426
194,194,1169505,2923763
195,195,1170440,2926102
196,196,1171377,2928443
197,197,1172314,2930786
198,198,1173252,2933130
199,199,1174190,2935477
200,200,1175130,2937825
201,201,1176070,2940175
202,202,1177011,2942527
203,203,1177952,2944881
204,204,1178895,2947237
205,205,1179838,2949595
206,206,1180782,2951955
207,207,1181726,2954316
208,208,1182672,2956680
209,209,1183618,2959045
210,210,1184565,2961412
211,211,1185512,2963782
212,212,1186461,2966153
213,213,1187410,2968525
214,214,1188360,2970900
215,215,1189311,2973277
216,216,1190262,2975656
217,217,1191214,2978036
218,218,1192167,2980419
219,219,1193121,2982803
220,220,1194075,2985189
221,221,1195031,2987577
222,222,1195987,2989967
223,223,1196943,2992359
224,224,1197901,2994753
225,225,1198859,2997149
226,226,1199459,2998648
227,227,1200058,3000147
228,228,1200659,3001647
229,229,1201259,3003148
230,230,1201859,3004649
231,231,1202460,3006152
232,232,1203062,3007655
233,233,1203663,3009159
234,234,1204265,3010663
235,235,1204867,3012169
236,236,1205470,3013675
237,237,1206072,3015181
238,238,1206675,3016689
239,239,1207279,3018197
240,240,1207882,3019707
241,241,1208486,3021216
242,242,1209090,3022727
243,243,1209695,3024238
244,244,1210300,3025750
245,245,1210905,3027263
246,246,1211510,3028777
247,247,1212116,3030291
248,248,1212722,3031807
249,249,1213329,3033322
250,250,1213935,3034839
251,251,1214542,3036357
252,252,1215150,3037875
253,253,1215757,3039394
254,254,1216365,3040913
255,255,1216973,3042434
256,256,1217582,3043955
257,257,1218190,3045477
258,258,1218800,3047000
259,259,1219409,3048523
260,260,1220019,3050047
261,261,1220629,3051572
262,262,1221239,3053098
263,263,1221850,3054625
264,264,1222461,3056152
265,265,1223072,3057680
266,266,1223683,3059209
267,267,1224295,3060739
268,268,1224907,3062269
269,269,1225520,3063800
270,270,1226133,3065332
271,271,1226746,3066865
272,272,1227359,3068398
273,273,1227973,3069932
274,274,1228587,3071467
275,275,1229201,3073003
276,276,1229816,3074540
277,277,1230430,3076077
278,278,1231046,3077615
279,279,1231661,3079154
280,280,1232277,3080693
281,281,1232893,3082234
282,282,1233510,3083775
283,283,1234126,3085317
284,284,1234743,3086859
285,285,1235361,3088403
286,286,1235978,3089947
287,287,1236596,3091492
288,288,1237215,3093038
289,289,1237833,3094584
290,290,1238452,3096131
291,291,1239072,3097680
292,292,1239691,3099228
293,293,1240311,3100778
294,294,1240931,3102328
295,295,1241552,3103880
296,296,1242172,3105431
297,297,1242793,3106984
298,298,1243415,3108538
299,299,1244036,3110092
300,300,1244658,3111647
301,301,1245281,3113203
302,302,1245903,3114759
303,303,1246526,3116317
304,304,1247150,3117875
305,305,1247773,3119434
306,306,1248397,3120994
307,307,1249021,3122554
308,308,1249646,3124115
309,309,1250271,3125677
310,310,1250896,3127240
311,311,1251521,3128804
312,312,1252147,3130368
313,313,1252773,3131933
314,314,1253399,3133499
315,315,1254026,3135066
316,316,1254653,3136634
317,317,1255281,3138202
318,318,1255908,3139771
319,319,1256536,3141341
320,320,1257164,3142912
321,321,1257793,3144483
322,322,1258422,3146055
323,323,1259051,3147628
324,324,1259681,3149202
325,325,1260310,3150777
326,326,1260941,3152352
327,327,1261319,3153298
328,328,1261697,3154244
329,329,1262076,3155190
330,330,1262454,3156137
331,331,1262833,3157084
332,332,1263212,3158031
333,333,1263591,3158978
334,334,1263970,3159926
335,335,1264349,3160874
336,336,1264729,3161822
337,337,1265108,3162771
338,338,1265487,3163719
339,339,1265867,3164669
340,340,1266247,3165618
341,341,1266627,3166568
342,342,1267007,3167518
343,343,1267387,3168468
344,344,1267767,3169418
345,345,1268147,3170369
346,346,1268528,3171320
347,347,1268908,3172272
348,348,1269289,3173223
349,349,1269670,3174175
350,350,1270051,3175128
351,351,1270432,3176080
352,352,1270813,3177033
353,353,1271194,3177986
354,354,1271576,3178940
355,355,1271957,3179893
356,356,1272339,3180847
357,357,1272720,3181801
358,358,1273102,3182756
359,359,1273484,3183711
360,360,1273866,3184666
361,361,1274248,3185621
362,362,1274630,3186577
363,363,1275013,3187533
364,364,1275395,3188489
365,365,1275778,3189446
366,366,1276161,3190403
367,367,1276544,3191360
368,368,1276927,3192317
369,369,1277310,3193275
370,370,1277693,3194233
371,371,1278076,3195191
372,372,1278460,3196150
373,373,1278843,3197108
374,374,1279227,3198068
375,375,1279611,3199027
376,376,1279994,3199987
377,377,1280378,3200947
378,378,1280763,3201907
379,379,1281147,3202868
380,380,1281531,3203828
381,381,1281916,3204790
382,382,1282300,3205751
383,383,1282685,3206713
384,384,1283070,3207675
385,385,1283455,3208637
386,386,1283840,3209600
387,387,1284225,3210563
388,388,1284610,3211526
389,389,1284995,3212489
390,390,1285381,3213453
391,391,1285766,3214417
392,392,1286152,3215381
393,393,1286538,3216346
394,394,1286924,3217311
395,395,1287310,3218276
396,396,1287696,3219241
397,397,1288083,3220207
398,398,1288469,3221173
399,399,1288856,3222140
400,400,1289242,3223106
401,401,1289629,3224073
402,402,1290016,3225040
403,403,1290403,3226008
404,404,1290790,3226976
405,405,1291177,3227944
406,406,1291565,3228912
407,407,1291952,3229881
408,408,1292340,3230850
409,409,1292727,3231819
410,410,1293115,3232789
411,411,1293503,3233759
412,412,1293891,3234729
413,413,1294279,3235699
414,414,1294668,3236670
415,415,1295056,3237641
416,416,1295445,3238612
417,417,1295833,3239584
418,418,1296222,3240556
419,419,1296611,3241528
420,420,1297000,3242500
421,421,1297389,3243473
422,422,1297778,3244446
423,423,1298167,3245419
424,424,1298557,3246393
425,425,1298946,3247367
426,426,1299336,3248341
427,427,1299726,3249316
428,428,1300116,3250290
429,429,1300506,3251265
430,430,1300896,3252241
431,431,1301286,3253216
432,432,1301677,3254192
433,433,1302067,3255169
434,434,1302458,3256145
435,435,1302849,3257122
436,436,1303239,3258099
437,437,1303630,3259077
438,438,1304021,3260054
439,439,1304413,3261032
440,440,1304804,3262011
441,441,1305195,3262989
442,442,1305587,3263968
443,443,1305979,3264947
444,444,1306370,3265927
445,445,1306762,3266907
446,446,1307154,3267887
447,447,1307547,3268867
448,448,1307939,3269848
449,449,1308331,3270829
450,450,1308724,3271810
451,451,1309116,3272792
452,452,1309509,3273773
453,453,1309902,3274755
454,454,1310295,3275738
455,455,1310688,3276721
456,456,1311081,3277704
457,457,1311474,3278687
458,458,1311868,3279671
459,459,1312261,3280654
460,460,1312655,3281639
461,461,1313049,3282623
462,462,1313443,3283608
463,463,1313837,3284593
464,464,1314231,3285578
465,465,1314625,3286564
466,466,1315020,3287550
467,467,1315414,3288536
468,468,1315809,3289523
469,469,1316204,3290510
470,470,1316598,3291497
471,471,1316993,3292484
472,472,1317389,3293472
473,473,1317784,3294460
474,474,1318179,3295448
475,475,1318575,3296437
476,476,1318970,3297426
477,477,1319366,3298415
478,478,1319762,3299405
479,479,1320158,3300395
480,480,1320554,3301385
481,481,1320950,3302375
482,482,1321346,3303366
483,483,1321742,3304357
484,484,1322139,3305348
485,485,1322536,3306340
486,486,1322932,3307332
487,487,1323329,3308324
488,488,1323726,3309316
489,489,1324123,3310309
490,490,1324521,3311302
491,491,1324918,3312296
492,492,1325315,3313289
493,493,1325713,3314283
494,494,1326111,3315278
495,495,1326509,3316272
496,496,1326907,3317267
497,497,1327305,3318262
498,498,1327703,3319258
499,499,1328101,3320254
500,500,1328500,3321250
501,501,1328898,3322246
502,502,1329297,3323243
503,503,1329696,3324240
504,504,1330094,3325237
505,505,1330493,3326234
506,506,1330893,3327232
507,507,1331292,3328230
508,508,1331691,3329229
509,509,1332091,3330228
510,510,1332490,3331227
511,511,1332890,3332226
512,512,1333290,3333226
513,513,1333690,3334226
514,514,1334090,3335226
515,515,1334490,3336227
516,516,1334891,3337228
517,517,1335291,3338229
518,518,1335692,3339230
519,519,1336092,3340232
520,520,1336493,3341234
521,521,1336894,3342236
522,522,1337295,3343239
523,523,1337696,3344242
524,524,1338098,3345245
525,525,1338499,3346249
526,526,1338901,3347253
527,527,1339302,3348257
528,528,1339704,3349261
529,529,1340106,3350266
530,530,1340508,3351271
531,531,1340910,3352277
532,532,1341313,3353282
533,533,1341715,3354288
534,534,1342118,3355295
535,535,1342520,3356301
536,536,1342923,3357308
537,537,1343326,3358315
538,538,1343729,3359323
539,539,1344132,3360331
540,540,1344535,3361339
541,541,1344939,3362347
542,542,1345342,3363356
543,543,1345746,3364365
544,544,1346149,3365374
545,545,1346553,3366384
546,546,1346957,3367394
547,547,1347361,3368404
548,548,1347765,3369414
549,549,1348170,3370425
550,550,1348574,3371436
551,551,1348979,3372448
552,552,1349383,3373459
553,553,1349788,3374471
554,554,1350193,3375484
555,555,1350598,3376496
556,556,1351003,3377509
557,557,1351409,3378523
558,558,1351814,3379536
559,559,1352220,3380550
560,560,1352625,3381564
561,561,1353031,3382579
562,562,1353437,3383593
563,563,1353843,3384609
564,564,1354249,3385624
565,565,1354656,3386640
566,566,1355062,3387656
567,567,1355468,3388672
568,568,1355875,3389689
569,569,1356282,3390705
570,570,1356689,3391723
571,571,1357096,3392740
572,572,1357503,3393758
573,573,1357910,3394776
574,574,1358318,3395795
575,575,1358725,3396813
576,576,1359133,3397832
577,577,1359540,3398852
578,578,1359948,3399871
579,579,1360356,3400891
580,580,1360764,3401912
581,581,1361173,3402932
582,582,1361581,3403953
583,583,1361989,3404974
584,584,1362398,3405996
585,585,1362807,3407017
586,586,1363216,3408040
587,587,1363625,3409062
588,588,1364034,3410085
589,589,1364443,3411108
590,590,1364852,3412131
591,591,1365262,3413155
592,592,1365671,3414179
593,593,1366081,3415203
594,594,1366491,3416227
595,595,1366901,3417252
596,596,1367311,3418278
597,597,1367721,3419303
598,598,1368131,3420329
599,599,1368542,3421355
600,600,1368952,3422381
601,601,1369363,3423408
602,602,1369774,3424435
603,603,1370185,3425462
604,604,1370596,3426490
605,605,1371007,3427518
606,606,1371418,3428546
607,607,1371830,3429575
608,608,1372241,3430604
609,609,1372653,3431633
610,610,1373065,3432662
611,611,1373477,3433692
612,612,1373889,3434722
613,613,1374301,3435753
614,614,1374713,3436783
615,615,1375125,3437814
616,616,1375538,3438846
617,617,1375951,3439877
618,618,1376363,3440909
619,619,1376776,3441942
620,620,1377189,3442974
621,621,1377603,3444007
622,622,1378016,3445040
623,623,1378429,3446074
624,624,1378843,3447108
625,625,1379256,3448142
626,626,1379670,3449176
627,627,1380084,3450211
628,628,1380498,3451246
629,629,1380912,3452281
630,630,1381327,3453317
631,631,1381741,3454353
632,632,1382155,3455389
633,633,1382570,3456426
634,634,1382985,3457463
635,635,1383400,3458500
636,636,1383815,3459538
637,637,1384230,3460576
638,638,1384645,3461614
639,639,1385061,3462652
640,640,1385476,3463691
641,641,1385892,3464730
642,642,1386308,3465770
643,643,1386723,3466809
644,644,1387139,3467849
645,645,1387556,3468890
646,646,1387972,3469930
647,647,1388388,3470971
648,648,1388805,3472013
649,649,1389221,3473054
650,650,1389638,3474096
651,651,1390055,3475138
652,652,1390472,3476181
653,653,1390889,3477224
654,654,1391306,3478267
655,655,1391724,3479310
656,656,1392141,3480354
657,657,1392559,3481398
658,658,1392977,3482443
659,659,1393395,3483487
660,660,1393813,3484533
661,661,1394231,3485578
662,662,1394649,3486624
663,663,1395068,3487670
664,664,1395486,3488716
665,665,1395905,3489762
666,666,1396323,3490809
667,667,1396742,3491857
668,668,1397161,3492904
669,669,1397581,3493952
670,670,1398000,3495000
671,671,1398419,3496049
672,672,1398839,3497098
673,673,1399258,3498147
674,674,1399678,3499196
675,675,1400098,3500246
676,676,1400518,3501296
677,677,1400938,3502346
678,678,1401359,3503397
679,679,1401779,3504448
680,680,1402199,3505499
681,681,1402620,3506551
682,682,1403041,3507603
683,683,1403462,3508655
684,684,1403883,3509708
685,685,1404304,3510761
686,686,1404725,3511814
687,687,1405147,3512868
688,688,1405568,3513921
689,689,1405990,3514976
690,690,1406412,3516030
691,691,1406834,3517085
692,692,1407256,3518140
693,693,1407678,3519196
694,694,1408100,3520251
695,695,1408523,3521307
696,696,1408945,3522364
697,697,1409368,3523420
698,698,1409791,3524477
699,699,1410214,3525535
700,700,1410637,3526592
701,701,1411060,3527650
702,702,1411483,3528709
703,703,1411907,3529767
704,704,1412330,3530826
705,705,1412754,3531886
706,706,1413178,3532945
707,707,1413602,3534005
708,708,1414026,3535065
709,709,1414450,3536126
710,710,1414874,3537187
711,711,1415299,3538248
712,712,1415723,3539309
713,713,1416148,3540371
714,714,1416573,3541433
715,715,1416998,3542496
716,716,1417423,3543558
717,717,1417848,3544621
718,718,1418274,3545685
719,719,1418699,3546748
720,720,1419125,3547812
721,721,1419550,3548877
722,722,1419976,3549941
723,723,1420402,3551006
724,724,1420828,3552072
725,725,1421255,3553137
726,726,1421681,3554203
727,727,1422108,3555270
728,728,1422534,3556336
729,729,1422961,3557403
730,730,1423388,3558470
731,731,1423815,3559538
732,732,1424242,3560606
733,733,1424669,3561674
734,734,1425097,3562742
735,735,1425524,3563811
736,736,1425952,3564880
737,737,1426380,3565950
738,738,1426808,3567020
739,739,1427236,3568090
740,740,1427664,3569160
741,741,1428092,3570231
742,742,1428520,3571302
743,743,1428949,3572373
744,744,1429378,3573445
745,745,1429807,3574517
746,746,1430235,3575589
747,747,1430665,3576662
748,748,1431094,3577735
749,749,1431523,3578808
750,750,1431953,3579882
751,751,1432382,3580956
752,752,1432812,3582030
753,753,1433242,3583105
754,754,1433672,3584180
755,755,1434102,3585255
756,756,1434532,3586331
757,757,1434962,3587407
758,758,1435393,3588483
759,759,1435823,3589559
760,760,1436254,3590636
761,761,1436685,3591713
762,762,1437116,3592791
763,763,1437547,3593869
764,764,1437978,3594947
765,765,1438410,3596025
766,766,1438841,3597104
767,767,1439273,3598183
768,768,1439705,3599263
769,769,1440137,3600343
770,770,1440569,3601423
771,771,1441001,3602503
772,772,1441433,3603584
773,773,1441866,3604665
774,774,1442298,3605746
775,775,1442731,3606828
776,776,1443164,3607910
777,777,1443597,3608992
778,778,1444030,3610075
779,779,1444463,3611158
780,780,1444896,3612242
781,781,1445330,3613325
782,782,1445763,3614409
783,783,1446197,3615494
784,784,1446631,3616578
785,785,1447065,3617663
786,786,1447499,3618748
787,787,1447933,3619834
788,788,1448368,3620920
789,789,1448802,3622006
790,790,1449237,3623093
791,791,1449672,3624180
792,792,1450107,3625267
793,793,1450542,3626355
794,794,1450977,3627443
795,795,1451412,3628531
796,796,1451847,3629619
797,797,1452283,3630708
798,798,1452719,3631797
799,799,1453155,3632887
800,800,1453590,3633977
801,801,1454027,3635067
802,802,1454463,3636158
803,803,1454899,3637248
804,804,1455336,3638340
805,805,1455772,3639431
806,806,1456209,3640523
807,807,1456646,3641615
808,808,1457083,3642708
809,809,1457520,3643800
810,810,1457957,3644894
811,811,1458395,3645987
812,812,1458832,3647081
813,813,1459270,3648175
814,814,1459707,3649269
815,815,1460145,3650364
816,816,1460583,3651459
817,817,1461022,3652555
818,818,1461460,3653650
819,819,1461898,3654747
820,820,1462337,3655843
821,821,1462776,3656940
822,822,1463214,3658037
823,823,1463653,3659134
824,824,1464092,3660232
825,825,1464532,3661330
826,826,1464971,3662428
827,827,1465411,3663527
828,828,1465850,3664626
829,829,1466290,3665726
830,830,1466730,3666825
831,831,1467170,3667925
832,832,1467610,3669026
833,833,1468050,3670126
834,834,1468491,3671228
835,835,1468931,3672329
836,836,1469372,3673431
837,837,1469813,3674533
838,838,1470254,3675635
839,839,1470695,3676738
840,840,1471136,3677841
841,841,1471577,3678944
842,842,1472019,3680048
843,843,1472460,3681152
844,844,1472902,3682256
845,845,1473344,3683361
846,846,1473786,3684466
847,847,1474228,3685571
848,848,1474670,3686677
849,849,1475113,3687783
850,850,1475555,3688889
851,851,1475998,3689996
852,852,1476441,3691103
853,853,1476884,3692210
854,854,1477327,3693318
855,855,1477770,3694426
856,856,1478213,3695534
857,857,1478657,3696643
858,858,1479100,3697752
859,859,1479544,3698861
860,860,1479988,3699971
861,861,1480432,3701081
862,862,1480876,3702191
863,863,1481320,3703302
864,864,1481765,3704413
865,865,1482209,3705524
866,866,1482654,3706636
867,867,1483099,3707748
868,868,1483544,3708860
869,869,1483989,3709973
870,870,1484434,3711086
871,871,1484879,3712199
872,872,1485325,3713313
873,873,1485770,3714427
874,874,1486216,3715541
875,875,1486662,3716656
876,876,1487108,3717771
877,877,1487554,3718886
878,878,1488000,3720002
879,879,1488447,3721118
880,880,1488893,3722234
881,881,1489340,3723351
882,882,1489787,3724468
883,883,1490234,3725585
884,884,1490681,3726703
885,885,1491128,3727821
886,886,1491575,3728939
887,887,1492023,3730058
888,888,1492470,3731177
889,889,1492918,3732296
890,890,1493366,3733416
891,891,1493814,3734536
892,892,1494262,3735656
893,893,1494710,3736777
894,894,1495159,3737898
895,895,1495607,3739019
896,896,1496056,3740141
897,897,1496505,3741263
898,898,1496954,3742385
899,899,1497403,3743508
900,900,1497852,3744631
901,901,1498302,3745755
902,902,1498751,3746878
903,903,1499201,3748002
904,904,1499650,3749127
905,905,1500100,3750251
906,906,1500550,3751377
907,907,1501000,3752502
908,908,1501451,3753628
909,909,1501901,3754754
910,910,1502352,3755880
911,911,1502802,3757007
912,912,1503253,3758134
913,913,1503704,3759261
914,914,1504155,3760389
915,915,1504607,3761517
916,916,1505058,3762646
917,917,1505510,3763775
918,918,1505961,3764904
919,919,1506413,3766033
920,920,1506865,3767163
921,921,1507317,3768293
922,922,1507769,3769424
923,923,1508222,3770555
924,924,1508674,3771686
925,925,1509127,3772817
926,926,1509579,3773949
927,927,1510032,3775081
928,928,1510485,3776214
929,929,1510938,3777347
930,930,1511392,3778480
931,931,1511845,3779613
932,932,1512299,3780747
933,933,1512752,3781881
934,934,1513206,3783016
935,935,1513660,3784151
936,936,1514114,3785286
937,937,1514568,3786422
938,938,1515023,3787558
939,939,1515477,3788694
940,940,1515932,3789831
941,941,1516387,3790968
942,942,1516842,3792105
943,943,1517297,3793242
944,944,1517752,3794380
945,945,1518207,3795519
946,946,1518663,3796657
947,947,1519118,3797796
948,948,1519574,3798936
949,949,1520030,3800075
950,950,1520486,3801215
951,951,1520942,3802356
952,952,1521398,3803496
953,953,1521855,3804638
954,954,1522311,3805779
955,955,1522768,3806921
956,956,1523225,3808063
957,957,1523682,3809205
958,958,1524139,3810348
959,959,1524596,3811491
960,960,1525053,3812634
961,961,1525511,3813778
962,962,1525969,3814922
963,963,1526426,3816067
964,964,1526884,3817212
965,965,1527342,3818357
966,966,1527801,3819502
967,967,1528259,3820648
968,968,1528717,3821794
969,969,1529176,3822941
970,970,1529635,3824088
971,971,1530094,3825235
972,972,1530553,3826383
973,973,1531012,3827531
974,974,1531471,3828679
975,975,1531931,3829827
976,976,1532390,3830976
977,977,1532850,3832126
978,978,1533310,3833275
979,979,1533770,3834425
980,980,1534230,3835576
981,981,1534690,3836726
982,982,1535151,3837877
983,983,1535611,3839029
984,984,1536072,3840180
985,985,1536533,3841332
986,986,1536994,3842485
987,987,1537455,3843638
988,988,1537916,3844791
989,989,1538377,3845944
990,990,1538839,3847098
991,991,1539301,3848252
992,992,1539762,3849406
993,993,1540224,3850561
994,994,1540686,3851716
995,995,1541148,3852872
996,996,1541611,3854028
997,997,1542073,3855184
998,998,1542536,3856341
999,999,1542999,3857498
1000,1000,1543462,3858655
1001,1001,1543925,3859812
1002,1002,1544388,3860970
1003,1003,1544851,3862129
1004,1004,1545315,3863287
1005,1005,1545778,3864446
1006,1006,1546242,3865606
1007,1007,1546706,3866765
1008,1008,1547170,3867925
1009,1009,1547634,3869086
1010,1010,1548098,3870246
1011,1011,1548563,3871407
1012,1012,1549027,3872569
1013,1013,1549492,3873731
1014,1014,1549957,3874893
1015,1015,1550422,3876055
1016,1016,1550887,3877218
1017,1017,1551352,3878381
1018,1018,1551818,3879545
1019,1019,1552283,3880709
1020,1020,1552749,3881873
1021,1021,1553215,3883037
1022,1022,1553681,3884202
1023,1023,1554147,3885368
1024,1024,1554613,3886533
1025,1025,1555079,3887699
1026,1026,1555546,3888865
1027,1027,1556013,3890032
1028,1028,1556479,3891199
1029,1029,1556946,3892366
1030,1030,1557413,3893534
1031,1031,1557881,3894702
1032,1032,1558348,3895871
1033,1033,1558815,3897039
1034,1034,1559283,3898209
1035,1035,1559751,3899378
1036,1036,1560219,3900548
1037,1037,1560687,3901718
1038,1038,1561155,3902888
1039,1039,1561623,3904059
1040,1040,1562092,3905231
1041,1041,1562561,3906402
1042,1042,1563029,3907574
1043,1043,1563498,3908746
1044,1044,1563967,3909919
1045,1045,1564436,3911092
1046,1046,1564906,3912265
1047,1047,1565375,3913439
1048,1048,1565845,3914613
1049,1049,1566315,3915787
1050,1050,1566785,3916962
1051,1051,1567255,3918137
1052,1052,1567725,3919313
1053,1053,1568195,3920488
1054,1054,1568666,3921665
1055,1055,1569136,3922841
1056,1056,1569607,3924018
1057,1057,1570078,3925195
1058,1058,1570549,3926373
1059,1059,1571020,3927551
1060,1060,1571491,3928729
1061,1061,1571963,3929907
1062,1062,1572434,3931086
1063,1063,1572906,3932266
1064,1064,1573378,3933445
1065,1065,1573850,3934625
1066,1066,1574322,3935806
1067,1067,1574794,3936987
1068,1068,1575267,3938168
1069,1069,1575739,3939349
1070,1070,1576212,3940531
1071,1071,1576685,3941713
1072,1072,1577158,3942896
1073,1073,1577631,3944078
1074,1074,1578104,3945262
1075,1075,1578578,3946445
1076,1076,1579051,3947629
1077,1077,1579525,3948814
1078,1078,1579999,3949998
1079,1079,1580473,3951183
1080,1080,1580947,3952369
1081,1081,1581421,3953554
1082,1082,1581896,3954740
1083,1083,1582370,3955927
1084,1084,1582845,3957113
1085,1085,1583320,3958301
1086,1086,1583795,3959488
1087,1087,1584270,3960676
1088,1088,1584745,3961864
1089,1089,1585221,3963053
1090,1090,1585696,3964242
1091,1091,1586172,3965431
1092,1092,1586648,3966621
1093,1093,1587124,3967811
1094,1094,1587600,3969001
1095,1095,1588076,3970192
1096,1096,1588553,3971383
1097,1097,1589029,3972574
1098,1098,1589506,3973766
1099,1099,1589983,3974958
1100,1100,1590460,3976150
1101,1101,1590937,3977343
1102,1102,1591414,3978536
1103,1103,1591892,3979730
1104,1104,1592369,3980924
1105,1105,1592847,3982118
1106,1106,1593325,3983313
1107,1107,1593803,3984508
1108,1108,1594281,3985703
1109,1109,1594759,3986899
1110,1110,1595238,3988095
1111,1111,1595716,3989291
1112,1112,1596195,3990488
1113,1113,1596674,3991685
1114,1114,1597153,3992883
1115,1115,1597632,3994081
1116,1116,1598111,3995279
1117,1117,1598591,3996478
1118,1118,1599070,3997676
1119,1119,1599550,3998876
1120,1120,1600030,4000075
1121,1121,1600510,4001275
1122,1122,1600990,4002476
1123,1123,1601470,4003677
1124,1124,1601951,4004878
1125,1125,1602431,4006079
1126,1126,1602912,4007281
1127,1127,1603393,4008483
1128,1128,1603874,4009686
1129,1129,1604355,4010889
1130,1130,1604836,4012092
1131,1131,1605318,4013296
1132,1132,1605800,4014500
1133,1133,1606281,4015704
1134,1134,1606763,4016909
1135,1135,1607245,4018114
1136,1136,1607727,4019319
1137,1137,1608210,4020525
1138,1138,1608692,4021731
1139,1139,1609175,4022938
1140,1140,1609657,4024144
1141,1141,1610140,4025352
1142,1142,1610623,4026559
1143,1143,1611107,4027767
1144,1144,1611590,4028976
1145,1145,1612073,4030184
1146,1146,1612557,4031393
1147,1147,1613041,4032603
1148,1148,1613525,4033813
1149,1149,1614009,4035023
1150,1150,1614493,4036233
1151,1151,1614977,4037444
1152,1152,1615462,4038655
1153,1153,1615946,4039867
1154,1154,1616431,4041079
1155,1155,1616916,4042291
1156,1156,1617401,4043504
1157,1157,1617886,4044717
1158,1158,1618372,4045930
1159,1159,1618857,4047144
1160,1160,1619343,4048358
1161,1161,1619829,4049573
1162,1162,1620315,4050788
1163,1163,1620801,4052003
1164,1164,1621287,4053218
1165,1165,1621773,4054434
1166,1166,1622260,4055651
1167,1167,1622747,4056867
1168,1168,1623234,4058085
1169,1169,1623720,4059302
1170,1170,1624208,4060520
1171,1171,1624695,4061738
1172,1172,1625182,4062956
1173,1173,1625670,4064175
1174,1174,1626158,4065395
1175,1175,1626645,4066614
1176,1176,1627133,4067834
1177,1177,1627621,4069054
1178,1178,1628110,4070275
1179,1179,1628598,4071496
1180,1180,1629087,4072718
1181,1181,1629576,4073940
1182,1182,1630064,4075162
1183,1183,1630553,4076384
1184,1184,1631043,4077607
1185,1185,1631532,4078830
1186,1186,1632021,4080054
1187,1187,1632511,4081278
1188,1188,1633001,4082503
1189,1189,1633491,4083727
1190,1190,1633981,4084952
1191,1191,1634471,4086178
1192,1192,1634961,4087404
1193,1193,1635452,4088630
1194,1194,1635942,4089857
1195,1195,1636433,4091084
1196,1196,1636924,4092311
1197,1197,1637415,4093539
1198,1198,1637906,4094767
1199,1199,1638398,4095995
1200,1200,1638889,4097224
1201,1201,1639381,4098453
1202,1202,1639873,4099683
1203,1203,1640365,4100912
1204,1204,1640857,4102143
1205,1205,1641349,4103373
1206,1206,1641841,4104604
1207,1207,1642334,4105836
1208,1208,1642827,4107067
1209,1209,1643320,4108300
1210,1210,1643813,4109532
1211,1211,1644306,4110765
1212,1212,1644799,4111998
1213,1213,1645292,4113232
1214,1214,1645786,4114466
1215,1215,1646280,4115700
1216,1216,1646774,4116935
1217,1217,1647268,4118170
1218,1218,1647762,4119405
1219,1219,1648256,4120641
1220,1220,1648751,4121877
1221,1221,1649245,4123114
1222,1222,1649740,4124351
1223,1223,1650235,4125588
1224,1224,1650730,4126826
1225,1225,1651225,4128064
1226,1226,1651721,4129302
1227,1227,1652216,4130541
1228,1228,1652712,4131780
1229,1229,1653208,4133020
1230,1230,1653704,4134260
1231,1231,1654200,4135500
1232,1232,1654696,4136741
1233,1233,1655192,4137982
1234,1234,1655689,4139223
1235,1235,1656186,4140465
1236,1236,1656682,4141707
1237,1237,1657179,4142949
1238,1238,1657677,4144192
1239,1239,1658174,4145436
1240,1240,1658671,4146679
1241,1241,1659169,4147923
1242,1242,1659667,4149168
1243,1243,1660165,4150412
1244,1244,1660663,4151657
1245,1245,1661161,4152903
1246,1246,1661659,4154149
1247,1247,1662158,4155395
1248,1248,1662656,4156642
1249,1249,1663155,4157889
1250,1250,1663654,4159136
1251,1251,1664153,4160384
1252,1252,1664652,4161632
1253,1253,1665152,4162880
1254,1254,1665651,4164129
1255,1255,1666151,4165379
1256,1256,1666651,4166628
1257,1257,1667151,4167878
1258,1258,1667651,4169128
1259,1259,1668151,4170379
1260,1260,1668652,4171630
1261,1261,1669152,4172882
1262,1262,1669653,4174134
1263,1263,1670154,4175386
1264,1264,1670655,4176639
1265,1265,1671156,4177892
1266,1266,1671658,4179145
1267,1267,1672159,4180399
1268,1268,1672661,4181653
1269,1269,1673163,4182907
1270,1270,1673665,4184162
1271,1271,1674167,4185417
1272,1272,1674669,4186673
1273,1273,1675171,4187929
1274,1274,1675674,4189185
1275,1275,1676177,4190442
1276,1276,1676679,4191699
1277,1277,1677182,4192957
1278,1278,1677686,4194215
1279,1279,1678189,4195473
1280,1280,1678692,4196732
1281,1281,1679196,4197991
1282,1282,1679700,4199250
1283,1283,1680204,4200510
1284,1284,1680708,4201770
1285,1285,1681212,4203030
1286,1286,1681716,4204291
1287,1287,1682221,4205553
1288,1288,1682725,4206814
1289,1289,1683230,4208076
1290,1290,1683735,4209339
1291,1291,1684240,4210602
1292,1292,1684746,4211865
1293,1293,1685251,4213128
1294,1294,1685757,4214392
1295,1295,1686262,4215657
1296,1296,1686768,4216921
1297,1297,1687274,4218186
1298,1298,1687780,4219452
1299,1299,1688287,4220718
1300,1300,1688793,4221984
